"Month","Total_absenteeism_time"
1,414.710960323127
2,451.504792063924
3,658.504618758359
4,735.439869164405
5,347.993556516815
6,493.633048787353
7,627.929445648206
8,422.647763040769
9,301.252715216019
10,533.962858694771
11,512.492810870021
12,573.72193768262
